nr,name,email
01,Uczestnik 01,uczestnik01@example.com
02,Uczestnik 02,uczestnik02@example.com
03,Uczestnik 03,uczestnik03@example.com
04,Uczestnik 04,uczestnik04@example.com
05,Uczestnik 05,uczestnik05@example.com
06,Uczestnik 06,uczestnik06@example.com
07,Uczestnik 07,uczestnik07@example.com
08,Uczestnik 08,uczestnik08@example.com
09,Uczestnik 09,uczestnik09@example.com
10,Uczestnik 10,uczestnik10@example.com
11,Uczestnik 11,uczestnik11@example.com
12,Uczestnik 12,uczestnik12@example.com
13,Uczestnik 13,uczestnik13@example.com
14,Uczestnik 14,uczestnik14@example.com
15,Uczestnik 15,uczestnik15@example.com
16,Uczestnik 16,uczestnik16@example.com
17,Uczestnik 17,uczestnik17@example.com
18,Uczestnik 18,uczestnik18@example.com
19,Uczestnik 19,uczestnik19@example.com
20,Uczestnik 20,uczestnik20@example.com
